"","SQ","Region","Name.x","Site","Quad","CH..cm.","Tot","Tt","Hw","Sf","Drift","Halimeda","Bat","Pen","O.Calc","Epiphyte.Load","Notes","Name.y","Lat","Long"
"1","BUB1","Upper Keys","Buchanan Bank","BUB",1,NA,13,4,NA,NA,6,NA,NA,3,NA,NA,"","bub1",-80.76641419,24.91690062
"2","BUB10","Upper Keys","Buchanan Bank","BUB",10,NA,35,10,NA,NA,15,4,6,NA,NA,NA,"","bub10",-80.76668044,24.91755855
"3","BUB11","Upper Keys","Buchanan Bank","BUB",11,NA,34,16,NA,NA,4,4,4,6,NA,NA,"","bub11",-80.76662912,24.91759922
"4","BUB12","Upper Keys","Buchanan Bank","BUB",12,NA,37,8,NA,NA,16,3,4,6,NA,NA,"","bub12",-80.76655036,24.91763808
"5","BUB13","Upper Keys","Buchanan Bank","BUB",13,NA,28,6,12,NA,2,3,3,2,NA,NA,"","bub13",-80.76646914,24.91764444
"6","BUB14","Upper Keys","Buchanan Bank","BUB",14,NA,21,NA,8,NA,6,3,4,NA,NA,NA,"","bub14",-80.76638423,24.91766273
"7","BUB15","Upper Keys","Buchanan Bank","BUB",15,NA,22,2,4,NA,4,3,3,6,NA,NA,"","bub15",-80.76628286,24.91764726
"8","BUB16","Upper Keys","Buchanan Bank","BUB",16,NA,26,8,4,NA,5,3,4,2,NA,NA,"","bub16",-80.76628327,24.91764662
"9","BUB17","Upper Keys","Buchanan Bank","BUB",17,NA,32,8,12,NA,6,NA,2,4,NA,NA,"","bub17",-80.76612234,24.91761026
"10","BUB18","Upper Keys","Buchanan Bank","BUB",18,NA,24,5,6,NA,3,4,3,3,NA,NA,"","bub18",-80.76604378,24.91758073
"11","BUB19","Upper Keys","Buchanan Bank","BUB",19,NA,19,2,3,NA,4,3,3,4,NA,NA,"","bub19",-80.76596801,24.9175473
"12","BUB2","Upper Keys","Buchanan Bank","BUB",2,NA,27,8,NA,NA,6,NA,6,5,2,NA,"","bub2",-80.76647551,24.91696376
"13","BUB20","Upper Keys","Buchanan Bank","BUB",20,NA,18,1,12,NA,3,NA,1,1,NA,NA,"","bub20",-80.7659056,24.91748666
"14","BUB21","Upper Keys","Buchanan Bank","BUB",21,NA,24,2,8,NA,4,4,4,2,NA,NA,"","bub21",-80.7658696,24.91740505
"15","BUB22","Upper Keys","Buchanan Bank","BUB",22,NA,34,2,4,NA,18,NA,NA,10,NA,NA,"","bub22",-80.76582425,24.91732849
"16","BUB23","Upper Keys","Buchanan Bank","BUB",23,NA,18,3,4,NA,NA,2,6,3,NA,NA,"","bub23",-80.76580633,24.91724269
"17","BUB24","Upper Keys","Buchanan Bank","BUB",24,NA,25,4,8,NA,1,4,NA,8,NA,NA,"","bub24",-80.76580886,24.91713816
"18","BUB25","Upper Keys","Buchanan Bank","BUB",25,NA,32,6,4,NA,6,4,4,8,NA,NA,"","bub25",-80.76581188,24.91705131
"19","BUB26","Upper Keys","Buchanan Bank","BUB",26,NA,39,3,8,NA,12,6,4,6,NA,NA,"","bub26",-80.76582624,24.91695806
"20","BUB27","Upper Keys","Buchanan Bank","BUB",27,NA,28,15,2,NA,2,6,1,2,NA,NA,"","bub27",-80.76585368,24.91687371
"21","BUB28","Upper Keys","Buchanan Bank","BUB",28,NA,21,8,NA,NA,5,3,5,NA,NA,NA,"","bub28",-80.7658902,24.91679713
"22","BUB29","Upper Keys","Buchanan Bank","BUB",29,NA,33,16,1,NA,8,2,4,2,NA,NA,"","bub29",-80.76596349,24.91674581
"23","BUB3","Upper Keys","Buchanan Bank","BUB",3,NA,21,5,8,NA,5,NA,3,NA,NA,NA,"","bub3",-80.76647435,24.9169643
"24","BUB30","Upper Keys","Buchanan Bank","BUB",30,NA,24,3,2,NA,3,2,6,8,NA,NA,"","bub30",-80.7660634,24.91669391
"25","BUB4","Upper Keys","Buchanan Bank","BUB",4,NA,22,6,6,NA,4,NA,6,NA,NA,NA,"","bub4",-80.76661946,24.917061
"26","BUB5","Upper Keys","Buchanan Bank","BUB",5,NA,31,8,4,NA,6,NA,5,5,3,NA,"","bub5",-80.76669477,24.91715743
"27","BUB6","Upper Keys","Buchanan Bank","BUB",6,NA,28,8,NA,NA,8,6,6,NA,NA,NA,"","bub6",-80.76674812,24.91723413
"28","BUB7","Upper Keys","Buchanan Bank","BUB",7,NA,21,5,NA,NA,8,5,3,NA,NA,NA,"","bub7",-80.76674896,24.91723385
"29","BUB8","Upper Keys","Buchanan Bank","BUB",8,NA,31,10,NA,NA,8,3,6,4,NA,NA,"","bub8",-80.76684061,24.91742549
"30","BUB9","Upper Keys","Buchanan Bank","BUB",9,NA,27,10,4,NA,4,2,1,6,NA,NA,"","bub9",-80.76689462,24.91749678
"31","CRB1","Upper Keys","Cross Bank","CRB",1,NA,66,60,NA,NA,6,NA,NA,NA,NA,NA,"","crb1",-80.57755526,25.00776031
"32","CRB10","Upper Keys","Cross Bank","CRB",10,NA,17,10,2,NA,4,NA,NA,1,NA,NA,"","crb10",-80.57696557,25.00736186
"33","CRB11","Upper Keys","Cross Bank","CRB",11,NA,63,8,NA,NA,55,NA,NA,NA,NA,NA,"","crb11",-80.57707463,25.0072718
"34","CRB12","Upper Keys","Cross Bank","CRB",12,NA,18,5,8,NA,5,NA,NA,NA,NA,NA,"","crb12",-80.57725739,25.0073004
"35","CRB13","Upper Keys","Cross Bank","CRB",13,NA,56,5,8,NA,40,2,NA,1,NA,NA,"","crb13",-80.57729789,25.00726655
"36","CRB14","Upper Keys","Cross Bank","CRB",14,NA,40,NA,40,NA,NA,NA,NA,NA,NA,NA,"","crb14",-80.57736998,25.00725661
"37","CRB15","Upper Keys","Cross Bank","CRB",15,NA,71,4,65,NA,2,NA,NA,NA,NA,NA,"","crb15",-80.57746572,25.00725048
"38","CRB16","Upper Keys","Cross Bank","CRB",16,NA,38,8,10,NA,20,NA,NA,NA,NA,NA,"","crb16",-80.57753154,25.00723747
"39","CRB17","Upper Keys","Cross Bank","CRB",17,NA,36,4,4,NA,25,3,NA,NA,NA,NA,"","crb17",-80.57766253,25.00724121
"40","CRB18","Upper Keys","Cross Bank","CRB",18,NA,31,3,25,NA,3,NA,NA,NA,NA,NA,"","crb18",-80.57766271,25.00724098
"41","CRB19","Upper Keys","Cross Bank","CRB",19,NA,26,3,12,NA,6,2,3,NA,NA,NA,"","crb19",-80.57774581,25.00737949
"42","CRB2","Upper Keys","Cross Bank","CRB",2,NA,28,3,15,NA,NA,2,8,NA,NA,NA,"","crb2",-80.57742964,25.00775503
"43","CRB20","Upper Keys","Cross Bank","CRB",20,NA,21,4,4,NA,6,3,4,NA,NA,NA,"","crb20",-80.57788145,25.00743753
"44","CRB21","Upper Keys","Cross Bank","CRB",21,2,37,4,4,NA,25,2,2,NA,NA,NA,"","crb21",-80.57795802,25.00743179
"45","CRB22","Upper Keys","Cross Bank","CRB",22,NA,45,8,6,NA,30,NA,NA,1,NA,NA,"","crb22",-80.57803695,25.00749471
"46","CRB23","Upper Keys","Cross Bank","CRB",23,NA,35,15,2,NA,15,1,1,1,NA,NA,"","crb23",-80.57807516,25.00754211
"47","CRB24","Upper Keys","Cross Bank","CRB",24,NA,38,15,NA,NA,20,NA,3,NA,NA,NA,"","crb24",-80.57811128,25.00761738
"48","CRB25","Upper Keys","Cross Bank","CRB",25,NA,69,8,6,NA,50,3,2,NA,NA,NA,"","crb25",-80.57815482,25.00768033
"49","CRB26","Upper Keys","Cross Bank","CRB",26,NA,66,15,NA,NA,50,NA,1,NA,NA,NA,"","crb26",-80.57804161,25.00765315
"50","CRB27","Upper Keys","Cross Bank","CRB",27,NA,72,6,2,NA,60,NA,4,NA,NA,NA,"","crb27",-80.5778601,25.00759605
"51","CRB28","Upper Keys","Cross Bank","CRB",28,NA,62,8,50,NA,4,NA,NA,NA,NA,NA,"","crb28",-80.57773832,25.00756583
"52","CRB29","Upper Keys","Cross Bank","CRB",29,NA,61,10,4,NA,45,NA,2,NA,NA,NA,"","crb29",-80.57762162,25.00757309
"53","CRB3","Upper Keys","Cross Bank","CRB",3,NA,29,16,NA,NA,3,2,8,NA,NA,NA,"","crb3",-80.57731061,25.00779619
"54","CRB4","Upper Keys","Cross Bank","CRB",4,4,80,65,NA,NA,5,NA,10,NA,NA,NA,"","crb4",-80.577227,25.00784957
"55","CRB5","Upper Keys","Cross Bank","CRB",5,NA,2,1,NA,NA,NA,NA,1,NA,NA,NA,"","crb5",-80.57710452,25.00790402
"56","CRB6","Upper Keys","Cross Bank","CRB",6,NA,55,25,NA,NA,5,NA,25,NA,NA,NA,"","crb6",-80.577075,25.00767245
"57","CRB7","Upper Keys","Cross Bank","CRB",7,NA,45,30,NA,NA,10,NA,5,NA,NA,NA,"","crb7",-80.57704451,25.00757945
"58","CRB8","Upper Keys","Cross Bank","CRB",8,19,100,100,NA,NA,NA,NA,NA,NA,NA,NA,"","crb8",-80.57707349,25.00752314
"59","CRB9","Upper Keys","Cross Bank","CRB",9,NA,29,15,6,1,4,1,2,NA,NA,NA,"","crb9",-80.57701153,25.00744596
"60","DES1","Key West","Destroyer Key","DES",1,NA,68,68,NA,NA,NA,NA,NA,NA,NA,NA,"","des1",-81.86555487,24.54701662
"61","DES10","Key West","Destroyer Key","DES",10,NA,43,40,NA,NA,NA,3,NA,NA,NA,NA,"","des10",-81.86656942,24.54696143
"62","DES11","Key West","Destroyer Key","DES",11,NA,37,20,NA,NA,NA,16,NA,1,NA,NA,"","des11",-81.86650749,24.54713723
"63","DES12","Key West","Destroyer Key","DES",12,NA,31,25,NA,NA,NA,5,NA,1,NA,NA,"","des12",-81.8664558,24.54723772
"64","DES13","Key West","Destroyer Key","DES",13,NA,15,8,NA,NA,NA,6,NA,NA,1,NA,"","des13",-81.86646074,24.54724222
"65","DES14","Key West","Destroyer Key","DES",14,NA,55,30,NA,NA,NA,25,NA,NA,NA,NA,"","des14",-81.8663518,24.54744356
"66","DES15","Key West","Destroyer Key","DES",15,NA,18,15,NA,NA,NA,1,NA,2,NA,NA,"","des15",-81.86632995,24.54754276
"67","DES16","Key West","Destroyer Key","DES",16,NA,33,32,NA,NA,NA,1,NA,NA,NA,NA,"","des16",-81.86624129,24.54766496
"68","DES17","Key West","Destroyer Key","DES",17,NA,57,12,NA,NA,NA,45,NA,NA,NA,NA,"","des17",-81.86619712,24.54775963
"69","DES18","Key West","Destroyer Key","DES",18,NA,52,45,NA,NA,NA,5,NA,2,NA,NA,"","des18",-81.86614151,24.54785086
"70","DES19","Key West","Destroyer Key","DES",19,NA,97,35,NA,NA,NA,60,NA,2,NA,NA,"","des19",-81.86600597,24.54786368
"71","DES2","Key West","Destroyer Key","DES",2,NA,75,75,NA,NA,NA,NA,NA,NA,NA,NA,"","des2",-81.86566277,24.54695133
"72","DES20","Key West","Destroyer Key","DES",20,NA,10,5,NA,NA,3,NA,NA,2,NA,NA,"","des20",-81.86601745,24.54786687
"73","DES21","Key West","Destroyer Key","DES",21,NA,75,2,NA,NA,NA,70,NA,3,NA,NA,"","des21",-81.86595421,24.54807355
"74","DES22","Key West","Destroyer Key","DES",22,NA,58,38,NA,NA,NA,18,NA,2,NA,NA,"","des22",-81.8658804,24.54814276
"75","DES23","Key West","Destroyer Key","DES",23,NA,12,12,NA,NA,NA,NA,NA,NA,NA,NA,"","des23",-81.86577431,24.54820789
"76","DES24","Key West","Destroyer Key","DES",24,NA,54,36,NA,NA,NA,15,NA,3,NA,NA,"","des24",-81.8656266,24.5480606
"77","DES25","Key West","Destroyer Key","DES",25,NA,65,65,NA,NA,NA,NA,NA,NA,NA,NA,"","des25",-81.86560381,24.54795458
"78","DES26","Key West","Destroyer Key","DES",26,NA,72,70,NA,NA,NA,1,NA,1,NA,NA,"","des26",-81.8656085,24.54786519
"79","DES27","Key West","Destroyer Key","DES",27,NA,24,18,NA,NA,NA,4,NA,2,NA,NA,"","des27",-81.86562822,24.5477515
"80","DES28","Key West","Destroyer Key","DES",28,NA,72,72,NA,NA,NA,NA,NA,NA,NA,NA,"","des28",-81.86563302,24.54765562
"81","DES29","Key West","Destroyer Key","DES",29,NA,8,6,NA,NA,NA,2,NA,NA,NA,NA,"","des29",-81.86554359,24.54753143
"82","DES3","Key West","Destroyer Key","DES",3,NA,65,65,NA,NA,NA,NA,NA,NA,NA,NA,"","des3",-81.86576814,24.54687104
"83","DES30","Key West","Destroyer Key","DES",30,NA,43,35,NA,NA,NA,8,NA,NA,NA,NA,"","des30",-81.86551513,24.54740143
"84","DES4","Key West","Destroyer Key","DES",4,NA,77,75,NA,2,NA,NA,NA,NA,NA,NA,"","des4",-81.86586099,24.54682614
"85","DES5","Key West","Destroyer Key","DES",5,NA,95,95,NA,NA,NA,NA,NA,NA,NA,NA,"","des5",-81.86600159,24.54679186
"86","DES6","Key West","Destroyer Key","DES",6,NA,10,8,NA,NA,NA,NA,NA,2,NA,NA,"","des6",-81.86617538,24.54679621
"87","DES7","Key West","Destroyer Key","DES",7,NA,78,78,NA,NA,NA,NA,NA,NA,NA,NA,"","des7",-81.86630232,24.5468316
"88","DES8","Key West","Destroyer Key","DES",8,NA,69,65,NA,NA,NA,2,NA,2,NA,NA,"","des8",-81.86641253,24.54687538
"89","DES9","Key West","Destroyer Key","DES",9,NA,13,12,NA,NA,NA,1,NA,NA,NA,NA,"","des9",-81.86646935,24.5469389
"90","JFB1","Lower Keys","Jewfish Basin","JFB",1,NA,60,60,NA,NA,NA,NA,NA,NA,NA,NA,"","jfb1",-81.74031266,24.66464969
"91","JFB10","Lower Keys","Jewfish Basin","JFB",10,NA,23,15,NA,NA,8,NA,NA,NA,NA,NA,"Drift = Laurencia","jfb10",-81.74047392,24.66447257
"92","JFB11","Lower Keys","Jewfish Basin","JFB",11,NA,44,4,40,NA,NA,NA,NA,NA,NA,NA,"","jfb11",-81.74046889,24.66451603
"93","JFB12","Lower Keys","Jewfish Basin","JFB",12,NA,33,30,NA,NA,3,NA,NA,NA,NA,NA,"","jfb12",-81.7404575,24.66459047
"94","JFB13","Lower Keys","Jewfish Basin","JFB",13,NA,25,8,7,NA,9,1,NA,NA,NA,NA,"Drift = Laurencia","jfb13",-81.74044367,24.66464755
"95","JFB14","Lower Keys","Jewfish Basin","JFB",14,NA,51,45,NA,NA,6,NA,NA,NA,NA,NA,"Drift = Laurencia","jfb14",-81.74041942,24.66469311
"96","JFB15","Lower Keys","Jewfish Basin","JFB",15,NA,61,NA,58,NA,3,NA,NA,NA,NA,NA,"","jfb15",-81.74037016,24.66475952
"97","JFB16","Lower Keys","Jewfish Basin","JFB",16,NA,8,5,NA,NA,1,NA,NA,2,NA,NA,"","jfb16",-81.74030371,24.66478095
"98","JFB17","Lower Keys","Jewfish Basin","JFB",17,NA,30,12,10,NA,8,NA,NA,NA,NA,NA,"Drift = Laurencia","jfb17",-81.74024479,24.66479682
"99","JFB18","Lower Keys","Jewfish Basin","JFB",18,NA,26,10,1,NA,12,NA,NA,3,NA,NA,"Drift = Laurencia","jfb18",-81.74024554,24.66488139
"100","JFB19","Lower Keys","Jewfish Basin","JFB",19,NA,12,7,NA,NA,3,2,NA,NA,NA,NA,"","jfb19",-81.74035662,24.66497157
"101","JFB2","Lower Keys","Jewfish Basin","JFB",2,NA,24,NA,24,NA,NA,NA,NA,NA,NA,NA,"","jfb2",-81.74036402,24.6646492
"102","JFB20","Lower Keys","Jewfish Basin","JFB",20,NA,15,12,3,NA,NA,NA,NA,NA,NA,NA,"","jfb20",-81.7404442,24.66504806
"103","JFB21","Lower Keys","Jewfish Basin","JFB",21,NA,17,2,NA,NA,10,NA,NA,5,NA,NA,"Drift = Laurencia","jfb21",-81.74049808,24.66511378
"104","JFB22","Lower Keys","Jewfish Basin","JFB",22,NA,77,2,NA,NA,70,2,NA,3,NA,NA,"Drift = Laurencia","jfb22",-81.74051957,24.66519669
"105","JFB23","Lower Keys","Jewfish Basin","JFB",23,NA,24,8,NA,NA,13,2,NA,NA,1,NA,"Drift = Laurencia","jfb23",-81.7405068,24.66531657
"106","JFB24","Lower Keys","Jewfish Basin","JFB",24,NA,22,12,NA,NA,6,2,NA,2,NA,NA,"","jfb24",-81.74054619,24.66538624
"107","JFB25","Lower Keys","Jewfish Basin","JFB",25,NA,16,8,NA,NA,5,3,NA,NA,NA,NA,"","jfb25",-81.74056508,24.66558077
"108","JFB26","Lower Keys","Jewfish Basin","JFB",26,NA,40,20,NA,NA,20,NA,NA,NA,NA,NA,"","jfb26",-81.74059806,24.66571152
"109","JFB27","Lower Keys","Jewfish Basin","JFB",27,NA,28,8,NA,NA,20,NA,NA,NA,NA,NA,"Drift = Laurencia","jfb27",-81.74056501,24.66580276
"110","JFB28","Lower Keys","Jewfish Basin","JFB",28,NA,60,30,NA,NA,30,NA,NA,NA,NA,NA,"","jfb28",-81.74057046,24.66589929
"111","JFB29","Lower Keys","Jewfish Basin","JFB",29,NA,46,8,NA,NA,35,NA,NA,3,NA,NA,"","jfb29",-81.74057624,24.6661106
"112","JFB3","Lower Keys","Jewfish Basin","JFB",3,NA,43,3,40,NA,NA,NA,NA,NA,NA,NA,"","jfb3",-81.74043874,24.66463767
"113","JFB30","Lower Keys","Jewfish Basin","JFB",30,NA,96,6,NA,NA,90,NA,NA,NA,NA,NA,"","jfb30",-81.74057849,24.66619695
"114","JFB4","Lower Keys","Jewfish Basin","JFB",4,NA,51,50,NA,NA,NA,NA,NA,1,NA,NA,"","jfb4",-81.74054005,24.66463541
"115","JFB5","Lower Keys","Jewfish Basin","JFB",5,NA,94,NA,NA,NA,14,80,NA,NA,NA,NA,"Drift = Laurencia","jfb5",-81.7406015,24.66462181
"116","JFB6","Lower Keys","Jewfish Basin","JFB",6,NA,43,40,NA,NA,3,NA,NA,NA,NA,NA,"","jfb6",-81.74066235,24.66459726
"117","JFB7","Lower Keys","Jewfish Basin","JFB",7,NA,46,40,NA,NA,NA,5,NA,1,NA,NA,"","jfb7",-81.740709,24.66452464
"118","JFB8","Lower Keys","Jewfish Basin","JFB",8,NA,95,80,NA,NA,10,5,NA,NA,NA,NA,"","jfb8",-81.74063103,24.66440272
"119","JFB9","Lower Keys","Jewfish Basin","JFB",9,NA,55,55,NA,NA,NA,NA,NA,NA,NA,NA,"","jfb9",-81.74051032,24.66440634
"120","KWH1","Key West","Key West Historic","KWH",1,NA,46,40,4,NA,NA,NA,NA,NA,2,NA,"","kwh1",-82.00881634,24.54008895
"121","KWH10","Key West","Key West Historic","KWH",10,NA,21,4,13,NA,NA,3,NA,1,NA,NA,"","kwh10",-82.00868489,24.54092502
"122","KWH11","Key West","Key West Historic","KWH",11,NA,68,60,NA,8,NA,NA,NA,NA,NA,NA,"","kwh11",-82.00873848,24.54100904
"123","KWH12","Key West","Key West Historic","KWH",12,NA,60,50,NA,10,NA,NA,NA,NA,NA,NA,"","kwh12",-82.00873562,24.54111654
"124","KWH13","Key West","Key West Historic","KWH",13,NA,44,35,NA,5,NA,4,NA,NA,NA,NA,"","kwh13",-82.00878272,24.54121536
"125","KWH14","Key West","Key West Historic","KWH",14,NA,45,NA,45,NA,NA,NA,NA,NA,NA,NA,"","kwh14",-82.00883763,24.54132317
"126","KWH15","Key West","Key West Historic","KWH",15,NA,13,5,8,NA,NA,NA,NA,NA,NA,NA,"","kwh15",-82.00884277,24.54145264
"127","KWH16","Key West","Key West Historic","KWH",16,NA,65,60,NA,NA,NA,3,NA,2,NA,NA,"","kwh16",-82.00886845,24.54155586
"128","KWH17","Key West","Key West Historic","KWH",17,NA,40,40,NA,NA,NA,NA,NA,NA,NA,NA,"","kwh17",-82.00895737,24.54159812
"129","KWH18","Key West","Key West Historic","KWH",18,NA,58,45,NA,NA,NA,3,NA,10,NA,NA,"","kwh18",-82.00899061,24.54165052
"130","KWH19","Key West","Key West Historic","KWH",19,NA,26,10,16,NA,NA,NA,NA,NA,NA,NA,"","kwh19",-82.00924252,24.54157103
"131","KWH2","Key West","Key West Historic","KWH",2,NA,52,45,7,NA,NA,NA,NA,NA,NA,NA,"","kwh2",-82.00876531,24.54018023
"132","KWH20","Key West","Key West Historic","KWH",20,NA,7,NA,7,NA,NA,NA,NA,NA,NA,NA,"","kwh20",-82.0093239,24.54152685
"133","KWH21","Key West","Key West Historic","KWH",21,NA,27,15,4,NA,NA,8,NA,NA,NA,NA,"","kwh21",-82.00943686,24.54152795
"134","KWH22","Key West","Key West Historic","KWH",22,NA,21,18,2,NA,NA,1,NA,NA,NA,NA,"","kwh22",-82.00956986,24.54140902
"135","KWH23","Key West","Key West Historic","KWH",23,NA,22,20,NA,NA,NA,2,NA,NA,NA,NA,"","kwh23",-82.00959062,24.54137554
"136","KWH24","Key West","Key West Historic","KWH",24,NA,28,6,8,NA,NA,10,NA,4,NA,NA,"","kwh24",-82.00951771,24.54105647
"137","KWH25","Key West","Key West Historic","KWH",25,NA,49,45,NA,4,NA,NA,NA,NA,NA,NA,"","kwh25",-82.00954307,24.5408769
"138","KWH26","Key West","Key West Historic","KWH",26,NA,18,2,16,NA,NA,NA,NA,NA,NA,NA,"","kwh26",-82.00954186,24.5407634
"139","KWH27","Key West","Key West Historic","KWH",27,NA,15,7,5,NA,NA,3,NA,NA,NA,NA,"","kwh27",-82.00954213,24.54072924
"140","KWH28","Key West","Key West Historic","KWH",28,NA,52,52,NA,NA,NA,NA,NA,NA,NA,NA,"","kwh28",-82.00947587,24.54047078
"141","KWH29","Key West","Key West Historic","KWH",29,NA,16,6,3,NA,NA,7,NA,NA,NA,NA,"","kwh29",-82.00935425,24.54038899
"142","KWH3","Key West","Key West Historic","KWH",3,NA,33,5,18,NA,NA,1,NA,4,5,NA,"","kwh3",-82.00876907,24.54018065
"143","KWH30","Key West","Key West Historic","KWH",30,NA,23,22,NA,NA,NA,1,NA,NA,NA,NA,"","kwh30",-82.00925611,24.540296
"144","KWH4","Key West","Key West Historic","KWH",4,NA,31,3,12,NA,NA,12,NA,3,1,NA,"","kwh4",-82.00866326,24.54036384
"145","KWH5","Key West","Key West Historic","KWH",5,NA,10,NA,8,NA,2,NA,NA,NA,NA,NA,"","kwh5",-82.00858369,24.54042295
"146","KWH6","Key West","Key West Historic","KWH",6,NA,25,NA,25,NA,NA,NA,NA,NA,NA,NA,"","kwh6",-82.00863971,24.54050977
"147","KWH7","Key West","Key West Historic","KWH",7,NA,29,1,28,NA,NA,NA,NA,NA,NA,NA,"","kwh7",-82.00863722,24.54059564
"148","KWH8","Key West","Key West Historic","KWH",8,NA,0,NA,NA,NA,NA,NA,NA,NA,NA,NA,"","kwh8",-82.0086662,24.54063069
"149","KWH9","Key West","Key West Historic","KWH",9,NA,6,NA,6,NA,NA,NA,NA,NA,NA,NA,"","kwh9",-82.00864146,24.5408447
"150","LHB1","Middle Keys","Loggerhead Basin","LHB",1,NA,30,20,5,NA,NA,3,NA,2,NA,NA,"","lhb1",-81.48575045,24.61687142
"151","LHB10","Middle Keys","Loggerhead Basin","LHB",10,NA,25,10,NA,NA,NA,NA,NA,15,NA,NA,"","lhb10",-81.48510324,24.61711642
"152","LHB11","Middle Keys","Loggerhead Basin","LHB",11,NA,25,10,NA,NA,NA,5,NA,10,NA,NA,"","lhb11",-81.48504004,24.61714004
"153","LHB12","Middle Keys","Loggerhead Basin","LHB",12,NA,40,30,NA,NA,NA,5,NA,5,NA,NA,"","lhb12",-81.48499112,24.617152
"154","LHB13","Middle Keys","Loggerhead Basin","LHB",13,NA,10,5,NA,NA,NA,5,NA,NA,NA,NA,"","lhb13",-81.48495849,24.61716912
"155","LHB14","Middle Keys","Loggerhead Basin","LHB",14,NA,1,1,NA,NA,NA,NA,NA,NA,NA,NA,"","lhb14",-81.48493083,24.61719106
"156","LHB15","Middle Keys","Loggerhead Basin","LHB",15,NA,15,10,NA,NA,NA,NA,NA,5,NA,NA,"","lhb15",-81.48488054,24.61724521
"157","LHB16","Middle Keys","Loggerhead Basin","LHB",16,NA,25,25,NA,NA,NA,NA,NA,NA,NA,NA,"","lhb16",-81.48494036,24.61728534
"158","LHB17","Middle Keys","Loggerhead Basin","LHB",17,NA,20,10,NA,NA,NA,NA,NA,10,NA,NA,"","lhb17",-81.48500358,24.617308
"159","LHB18","Middle Keys","Loggerhead Basin","LHB",18,NA,20,10,NA,NA,NA,5,NA,5,NA,NA,"","lhb18",-81.48505041,24.61731945
"160","LHB19","Middle Keys","Loggerhead Basin","LHB",19,NA,25,NA,NA,NA,NA,NA,NA,25,NA,NA,"","lhb19",-81.48511537,24.6173374
"161","LHB2","Middle Keys","Loggerhead Basin","LHB",2,NA,35,20,NA,NA,NA,10,NA,5,NA,NA,"","lhb2",-81.48570834,24.61687894
"162","LHB20","Middle Keys","Loggerhead Basin","LHB",20,NA,40,10,25,NA,NA,NA,NA,5,NA,NA,"","lhb20",-81.48515941,24.61734466
"163","LHB21","Middle Keys","Loggerhead Basin","LHB",21,NA,50,30,15,NA,NA,NA,NA,5,NA,NA,"","lhb21",-81.48520314,24.61735396
"164","LHB22","Middle Keys","Loggerhead Basin","LHB",22,NA,30,25,NA,NA,NA,NA,NA,5,NA,NA,"","lhb22",-81.48525539,24.61735339
"165","LHB23","Middle Keys","Loggerhead Basin","LHB",23,NA,20,5,NA,NA,NA,NA,NA,15,NA,NA,"","lhb23",-81.48531092,24.61734238
"166","LHB24","Middle Keys","Loggerhead Basin","LHB",24,NA,20,10,NA,NA,NA,NA,NA,10,NA,NA,"","lhb24",-81.48534841,24.61731825
"167","LHB25","Middle Keys","Loggerhead Basin","LHB",25,NA,30,20,NA,NA,NA,NA,NA,10,NA,NA,"","lhb25",-81.4854034,24.61731137
"168","LHB26","Middle Keys","Loggerhead Basin","LHB",26,NA,15,10,NA,NA,NA,NA,NA,5,NA,NA,"","lhb26",-81.48547653,24.61729785
"169","LHB27","Middle Keys","Loggerhead Basin","LHB",27,NA,20,10,NA,NA,NA,NA,NA,10,NA,NA,"","lhb27",-81.48552483,24.6172815
"170","LHB28","Middle Keys","Loggerhead Basin","LHB",28,NA,20,NA,NA,NA,NA,NA,NA,20,NA,NA,"","lhb28",-81.4855801,24.61725749
"171","LHB29","Middle Keys","Loggerhead Basin","LHB",29,NA,35,35,NA,NA,NA,NA,NA,NA,NA,NA,"","lhb29",-81.48564087,24.61723513
"172","LHB3","Middle Keys","Loggerhead Basin","LHB",3,NA,35,20,NA,NA,NA,10,NA,5,NA,NA,"","lhb3",-81.48565068,24.6168962
"173","LHB30","Middle Keys","Loggerhead Basin","LHB",30,NA,50,45,NA,NA,NA,NA,NA,5,NA,NA,"","lhb30",-81.48572712,24.61716687
"174","LHB4","Middle Keys","Loggerhead Basin","LHB",4,NA,5,5,NA,NA,NA,NA,NA,NA,NA,NA,"","lhb4",-81.48558652,24.61690178
"175","LHB5","Middle Keys","Loggerhead Basin","LHB",5,NA,30,25,NA,NA,NA,NA,NA,5,NA,NA,"","lhb5",-81.48551706,24.6169437
"176","LHB6","Middle Keys","Loggerhead Basin","LHB",6,NA,30,15,NA,NA,NA,5,NA,10,NA,NA,"","lhb6",-81.48543604,24.61696779
"177","LHB7","Middle Keys","Loggerhead Basin","LHB",7,NA,50,45,NA,NA,NA,NA,NA,5,NA,NA,"","lhb7",-81.48537248,24.61701428
"178","LHB8","Middle Keys","Loggerhead Basin","LHB",8,NA,20,10,NA,NA,NA,NA,NA,10,NA,NA,"","lhb8",-81.4852792,24.61704424
"179","LHB9","Middle Keys","Loggerhead Basin","LHB",9,NA,35,25,NA,NA,NA,NA,NA,10,NA,NA,"","lhb9",-81.48518484,24.61710499
"180","MRN1","Key West","Marquesas North","MRN",1,NA,48,8,NA,NA,40,NA,NA,NA,NA,NA,"Drift = Laurencia","mrn1",-82.14822762,24.58970241
"181","MRN10","Key West","Marquesas North","MRN",10,NA,30,10,NA,NA,20,NA,NA,NA,NA,NA,"Drift = Laurencia","mrn10",-82.14749539,24.58980917
"182","MRN11","Key West","Marquesas North","MRN",11,NA,25,7,NA,NA,15,NA,NA,NA,3,NA,"Drift = Laurencia","mrn11",-82.14737242,24.58975487
"183","MRN12","Key West","Marquesas North","MRN",12,NA,21,4,17,NA,NA,NA,NA,NA,NA,NA,"","mrn12",-82.14726217,24.58969622
"184","MRN13","Key West","Marquesas North","MRN",13,NA,27,3,12,NA,12,NA,NA,NA,NA,NA,"Drift = Laurencia","mrn13",-82.14721047,24.58963096
"185","MRN15","Key West","Marquesas North","MRN",15,NA,78,NA,78,NA,NA,NA,NA,NA,NA,NA,"","mrn15",-82.14712212,24.58946722
"186","MRN16","Key West","Marquesas North","MRN",16,NA,31,NA,30,NA,1,NA,NA,NA,NA,NA,"","mrn16",-82.14707937,24.58940294
"187","MRN17","Key West","Marquesas North","MRN",17,NA,7,NA,2,NA,5,NA,NA,NA,NA,NA,"","mrn17",-82.14700945,24.58931203
"188","MRN18","Key West","Marquesas North","MRN",18,NA,13,NA,3,NA,NA,10,NA,NA,NA,NA,"","mrn18",-82.14689753,24.5891616
"189","MRN19","Key West","Marquesas North","MRN",19,NA,27,3,24,NA,NA,NA,NA,NA,NA,NA,"","mrn19",-82.14686646,24.58906404
"190","MRN2","Key West","Marquesas North","MRN",2,NA,26,8,NA,NA,18,NA,NA,NA,NA,NA,"Drift = Laurencia","mrn2",-82.14822379,24.58970147
"191","MRN20","Key West","Marquesas North","MRN",20,NA,34,2,30,NA,2,NA,NA,NA,NA,NA,"","mrn20",-82.14709028,24.5888967
"192","MRN21","Key West","Marquesas North","MRN",21,NA,23,5,18,NA,NA,NA,NA,NA,NA,NA,"","mrn21",-82.14717803,24.58892267
"193","MRN22","Key West","Marquesas North","MRN",22,NA,26,NA,25,NA,NA,NA,NA,1,NA,NA,"","mrn22",-82.14730082,24.58896589
"194","MRN23","Key West","Marquesas North","MRN",23,NA,16,16,NA,NA,NA,NA,NA,NA,NA,NA,"","mrn23",-82.1474164,24.58901949
"195","MRN25","Key West","Marquesas North","MRN",25,NA,23,15,NA,NA,8,NA,NA,NA,NA,NA,"","mrn25",-82.14763964,24.58906493
"196","MRN26","Key West","Marquesas North","MRN",26,NA,67,2,NA,NA,65,NA,NA,NA,NA,NA,"Drift = Laurencia","mrn26",-82.14773247,24.58912509
"197","MRN27","Key West","Marquesas North","MRN",27,NA,43,3,NA,NA,25,15,NA,NA,NA,NA,"Drift = Laurencia","mrn27",-82.14784156,24.58919643
"198","MRN28","Key West","Marquesas North","MRN",28,NA,63,3,NA,NA,60,NA,NA,NA,NA,NA,"Drift = Laurencia","mrn28",-82.14796642,24.58924755
"199","MRN29","Key West","Marquesas North","MRN",29,NA,60,3,NA,NA,55,2,NA,NA,NA,NA,"Drift = Laurencia","mrn29",-82.14805336,24.58928594
"200","MRN3","Key West","Marquesas North","MRN",3,NA,0,NA,NA,NA,NA,NA,NA,NA,NA,NA,"","mrn3",-82.14810626,24.58980543
"201","MRN30","Key West","Marquesas North","MRN",30,NA,71,6,NA,NA,65,NA,NA,NA,NA,NA,"Drift = Laurencia","mrn30",-82.14812504,24.58932935
"202","MRN4","Key West","Marquesas North","MRN",4,NA,27,15,NA,NA,8,3,NA,1,NA,NA,"","mrn4",-82.14802725,24.58980828
"203","MRN5","Key West","Marquesas North","MRN",5,NA,31,23,NA,NA,8,NA,NA,NA,NA,NA,"Drift = Laurencia","mrn5",-82.14794978,24.58984555
"204","MRN6","Key West","Marquesas North","MRN",6,NA,35,9,6,NA,20,NA,NA,NA,NA,NA,"Drift = Laurencia","mrn6",-82.14784979,24.58985342
"205","MRN7","Key West","Marquesas North","MRN",7,NA,5,3,NA,NA,NA,NA,NA,2,NA,NA,"","mrn7",-82.14776542,24.58986992
"206","MRN8","Key West","Marquesas North","MRN",8,NA,60,NA,60,NA,NA,NA,NA,NA,NA,NA,"","mrn8",-82.14766611,24.5898399
"207","MRN9","Key West","Marquesas North","MRN",9,NA,60,NA,NA,NA,NA,60,NA,NA,NA,NA,"Encrusting sponge","mrn9",-82.14763601,24.58983067
"208","MRS1","Key West","Marquesas South","MRS",1,NA,53,35,NA,16,NA,2,NA,NA,NA,NA,"","mrs1",-82.15339985,24.5471984
"209","MRS10","Key West","Marquesas South","MRS",10,NA,1,NA,NA,NA,1,NA,NA,NA,NA,NA,"","mrs10",-82.15405913,24.54661324
"210","MRS11","Key West","Marquesas South","MRS",11,NA,27,23,NA,NA,1,3,NA,NA,NA,NA,"","mrs11",-82.1541897,24.54668801
"211","MRS12","Key West","Marquesas South","MRS",12,NA,29,10,NA,NA,1,18,NA,NA,NA,NA,"","mrs12",-82.15425239,24.54681658
"212","MRS13","Key West","Marquesas South","MRS",13,NA,30,NA,30,NA,NA,NA,NA,NA,NA,NA,"","mrs13",-82.15425098,24.54688114
"213","MRS14","Key West","Marquesas South","MRS",14,NA,30,8,NA,NA,2,20,NA,NA,NA,NA,"","mrs14",-82.15426908,24.546992
"214","MRS15","Key West","Marquesas South","MRS",15,NA,30,25,NA,1,4,NA,NA,NA,NA,NA,"","mrs15",-82.15428364,24.54710068
"215","MRS16","Key West","Marquesas South","MRS",16,NA,27,10,NA,NA,16,1,NA,NA,NA,NA,"","mrs16",-82.15430195,24.54718554
"216","MRS17","Key West","Marquesas South","MRS",17,NA,9,NA,NA,8,NA,1,NA,NA,NA,NA,"","mrs17",-82.15438794,24.54728837
"217","MRS18","Key West","Marquesas South","MRS",18,NA,45,NA,NA,45,NA,NA,NA,NA,NA,NA,"","mrs18",-82.15435813,24.54740873
"218","MRS19","Key West","Marquesas South","MRS",19,NA,61,1,NA,60,NA,NA,NA,NA,NA,NA,"","mrs19",-82.15435411,24.54753989
"219","MRS2","Key West","Marquesas South","MRS",2,NA,45,35,NA,4,5,1,NA,NA,NA,NA,"","mrs2",-82.15341621,24.54710021
"220","MRS20","Key West","Marquesas South","MRS",20,NA,52,NA,NA,52,NA,NA,NA,NA,NA,NA,"","mrs20",-82.15436221,24.54768297
"221","MRS21","Key West","Marquesas South","MRS",21,NA,41,12,NA,2,NA,25,NA,NA,2,NA,"","mrs21",-82.15435032,24.54768605
"222","MRS22","Key West","Marquesas South","MRS",22,NA,27,21,NA,NA,NA,4,NA,2,NA,NA,"","mrs22",-82.15432703,24.54792321
"223","MRS23","Key West","Marquesas South","MRS",23,NA,12,10,NA,NA,NA,1,NA,1,NA,NA,"","mrs23",-82.15434926,24.548004
"224","MRS24","Key West","Marquesas South","MRS",24,NA,22,3,NA,NA,NA,18,NA,1,NA,NA,"","mrs24",-82.15423891,24.5479659
"225","MRS25","Key West","Marquesas South","MRS",25,NA,7,4,NA,NA,NA,3,NA,NA,NA,NA,"45 sponge","mrs25",-82.15412703,24.54790632
"226","MRS26","Key West","Marquesas South","MRS",26,NA,32,10,NA,NA,NA,22,NA,NA,NA,NA,"","mrs26",-82.15399138,24.54785096
"227","MRS27","Key West","Marquesas South","MRS",27,NA,17,3,NA,NA,10,4,NA,NA,NA,NA,"","mrs27",-82.15390233,24.54785006
"228","MRS28","Key West","Marquesas South","MRS",28,NA,31,3,5,NA,2,20,NA,1,NA,NA,"","mrs28",-82.15385945,24.54779372
"229","MRS29","Key West","Marquesas South","MRS",29,NA,33,7,NA,NA,7,18,NA,1,NA,NA,"","mrs29",-82.15386285,24.54779881
"230","MRS3","Key West","Marquesas South","MRS",3,NA,48,40,NA,4,NA,1,NA,3,NA,NA,"","mrs3",-82.15341778,24.54699562
"231","MRS30","Key West","Marquesas South","MRS",30,NA,9,NA,NA,2,4,2,NA,1,NA,NA,"","mrs30",-82.15367921,24.5475688
"232","MRS4","Key West","Marquesas South","MRS",4,NA,75,60,NA,12,NA,3,NA,NA,NA,NA,"","mrs4",-82.15347744,24.54692136
"233","MRS5","Key West","Marquesas South","MRS",5,NA,52,20,NA,30,NA,2,NA,NA,NA,NA,"","mrs5",-82.15355206,24.54687759
"234","MRS6","Key West","Marquesas South","MRS",6,NA,54,15,NA,35,NA,4,NA,NA,NA,NA,"","mrs6",-82.15361696,24.54684984
"235","MRS7","Key West","Marquesas South","MRS",7,NA,33,15,NA,4,NA,14,NA,NA,NA,NA,"","mrs7",-82.15360567,24.54684081
"236","MRS8","Key West","Marquesas South","MRS",8,NA,15,13,NA,1,NA,1,NA,NA,NA,NA,"","mrs8",-82.15383171,24.5467918
"237","MRS9","Key West","Marquesas South","MRS",9,NA,30,18,NA,NA,NA,12,NA,NA,NA,NA,"","mrs9",-82.15394447,24.54673031
"238","NMB1","Upper Keys","Nine Mile Bank","NMB",1,NA,100,88,NA,NA,12,NA,NA,NA,NA,NA,"","nmb1",-80.88059673,24.95521107
"239","NMB10","Upper Keys","Nine Mile Bank","NMB",10,NA,20,20,NA,NA,NA,NA,NA,NA,NA,NA,"","nmb10",-80.88111574,24.9551822
"240","NMB11","Upper Keys","Nine Mile Bank","NMB",11,NA,45,20,NA,NA,25,NA,NA,NA,NA,NA,"","nmb11",-80.88112588,24.95527625
"241","NMB12","Upper Keys","Nine Mile Bank","NMB",12,NA,98,8,NA,NA,90,NA,NA,NA,NA,NA,"","nmb12",-80.8811133,24.95536962
"242","NMB13","Upper Keys","Nine Mile Bank","NMB",13,NA,100,6,NA,NA,94,NA,NA,NA,NA,NA,"","nmb13",-80.88114599,24.95545592
"243","NMB14","Upper Keys","Nine Mile Bank","NMB",14,NA,65,25,NA,NA,40,NA,NA,NA,NA,NA,"","nmb14",-80.88114296,24.95555174
"244","NMB15","Upper Keys","Nine Mile Bank","NMB",15,NA,75,35,NA,NA,40,NA,NA,NA,NA,NA,"","nmb15",-80.88108871,24.95564354
"245","NMB16","Upper Keys","Nine Mile Bank","NMB",16,NA,70,55,NA,NA,15,NA,NA,NA,NA,NA,"","nmb16",-80.88104402,24.95571613
"246","NMB17","Upper Keys","Nine Mile Bank","NMB",17,NA,46,45,NA,NA,NA,NA,NA,1,NA,NA,"","nmb17",-80.88099869,24.95575299
"247","NMB18","Upper Keys","Nine Mile Bank","NMB",18,NA,86,80,NA,NA,4,NA,NA,2,NA,NA,"","nmb18",-80.88091855,24.95576351
"248","NMB19","Upper Keys","Nine Mile Bank","NMB",19,NA,45,45,NA,NA,NA,NA,NA,NA,NA,NA,"","nmb19",-80.88079662,24.95575793
"249","NMB2","Upper Keys","Nine Mile Bank","NMB",2,NA,65,60,NA,NA,5,NA,NA,NA,NA,NA,"","nmb2",-80.88062188,24.95513008
"250","NMB20","Upper Keys","Nine Mile Bank","NMB",20,NA,93,90,NA,NA,3,NA,NA,NA,NA,NA,"","nmb20",-80.88070143,24.9557567
"251","NMB21","Upper Keys","Nine Mile Bank","NMB",21,NA,45,45,NA,NA,NA,NA,NA,NA,NA,NA,"","nmb21",-80.8806076,24.95574846
"252","NMB22","Upper Keys","Nine Mile Bank","NMB",22,NA,28,25,NA,NA,3,NA,NA,NA,NA,NA,"","nmb22",-80.8805253,24.95568245
"253","NMB23","Upper Keys","Nine Mile Bank","NMB",23,NA,35,35,NA,NA,NA,NA,NA,NA,NA,NA,"","nmb23",-80.88046907,24.95562407
"254","NMB24","Upper Keys","Nine Mile Bank","NMB",24,NA,25,25,NA,NA,NA,NA,NA,NA,NA,NA,"","nmb24",-80.88043424,24.9555419
"255","NMB25","Upper Keys","Nine Mile Bank","NMB",25,NA,55,55,NA,NA,NA,NA,NA,NA,NA,NA,"","nmb25",-80.88041157,24.95545893
"256","NMB26","Upper Keys","Nine Mile Bank","NMB",26,NA,45,45,NA,NA,NA,NA,NA,NA,NA,NA,"","nmb26",-80.88036871,24.95537821
"257","NMB27","Upper Keys","Nine Mile Bank","NMB",27,NA,58,55,NA,NA,3,NA,NA,NA,NA,NA,"","nmb27",-80.88037076,24.95529804
"258","NMB28","Upper Keys","Nine Mile Bank","NMB",28,NA,72,70,NA,NA,2,NA,NA,NA,NA,NA,"","nmb28",-80.88035029,24.95522706
"259","NMB29","Upper Keys","Nine Mile Bank","NMB",29,NA,28,25,NA,NA,3,NA,NA,NA,NA,NA,"","nmb29",-80.88043041,24.95514383
"260","NMB3","Upper Keys","Nine Mile Bank","NMB",3,NA,90,60,NA,NA,30,NA,NA,NA,NA,NA,"","nmb3",-80.88064352,24.95506373
"261","NMB30","Upper Keys","Nine Mile Bank","NMB",30,NA,36,25,NA,NA,6,5,NA,NA,NA,NA,"","nmb30",-80.88047525,24.95500813
"262","NMB4","Upper Keys","Nine Mile Bank","NMB",4,NA,93,8,NA,NA,85,NA,NA,NA,NA,NA,"","nmb4",-80.88068692,24.95498713
"263","NMB5","Upper Keys","Nine Mile Bank","NMB",5,NA,93,90,NA,NA,3,NA,NA,NA,NA,NA,"","nmb5",-80.88077615,24.95491656
"264","NMB6","Upper Keys","Nine Mile Bank","NMB",6,NA,77,75,NA,NA,2,NA,NA,NA,NA,NA,"","nmb6",-80.88087828,24.95492795
"265","NMB7","Upper Keys","Nine Mile Bank","NMB",7,NA,43,40,NA,NA,3,NA,NA,NA,NA,NA,"","nmb7",-80.88096625,24.9549713
"266","NMB8","Upper Keys","Nine Mile Bank","NMB",8,NA,23,20,NA,NA,NA,NA,NA,3,NA,NA,"","nmb8",-80.88105538,24.95500778
"267","NMB9","Upper Keys","Nine Mile Bank","NMB",9,NA,16,16,NA,NA,NA,NA,NA,NA,NA,NA,"","nmb9",-80.881072,24.95509476
"268","SAK1","Biscayne","Sand Key","SAK",1,NA,50,30,NA,10,10,NA,NA,NA,NA,NA,"","SAK1",-80.18432821,25.49105011
"269","SAK10","Biscayne","Sand Key","SAK",10,NA,47,40,NA,5,2,NA,NA,NA,NA,NA,"","SAK10",-80.1843451,25.49085271
"270","SAK11","Biscayne","Sand Key","SAK",11,NA,54,45,NA,5,NA,NA,NA,4,NA,NA,"","SAK11",-80.18422072,25.49081507
"271","SAK12","Biscayne","Sand Key","SAK",12,NA,61,15,NA,45,1,NA,NA,NA,NA,NA,"","SAK12",-80.18432179,25.49080838
"272","SAK13","Biscayne","Sand Key","SAK",13,NA,78,70,NA,8,NA,NA,NA,NA,NA,NA,"","SAK13",-80.18414788,25.49080926
"273","SAK14","Biscayne","Sand Key","SAK",14,NA,60,10,NA,50,NA,NA,NA,NA,NA,NA,"","SAK14",-80.18428459,25.4907698
"274","SAK15","Biscayne","Sand Key","SAK",15,NA,75,50,NA,5,20,NA,NA,NA,NA,NA,"","SAK15",-80.18410232,25.4907955
"275","SAK16","Biscayne","Sand Key","SAK",16,NA,86,75,NA,5,5,NA,NA,1,NA,NA,"","SAK16",-80.18420755,25.49076364
"276","SAK17","Biscayne","Sand Key","SAK",17,NA,70,60,NA,5,5,NA,NA,NA,NA,NA,"","SAK17",-80.18404011,25.49081306
"277","SAK18","Biscayne","Sand Key","SAK",18,NA,92,85,NA,5,2,NA,NA,NA,NA,NA,"","SAK18",-80.18410696,25.4907272
"278","SAK19","Biscayne","Sand Key","SAK",19,NA,72,65,NA,7,NA,NA,NA,NA,NA,NA,"","SAK19",-80.18400491,25.49089025
"279","SAK2","Biscayne","Sand Key","SAK",2,NA,45,40,NA,5,NA,NA,NA,NA,NA,NA,"","SAK2",-80.18438956,25.4910554
"280","SAK20","Biscayne","Sand Key","SAK",20,NA,60,45,NA,15,NA,NA,NA,NA,NA,NA,"","SAK20",-80.18403461,25.49077215
"281","SAK21","Biscayne","Sand Key","SAK",21,NA,55,40,NA,15,NA,NA,NA,NA,NA,NA,"","SAK21",-80.18414411,25.49094546
"282","SAK22","Biscayne","Sand Key","SAK",22,NA,66,60,NA,5,NA,NA,NA,1,NA,NA,"","SAK22",-80.18409154,25.49098398
"283","SAK23","Biscayne","Sand Key","SAK",23,NA,60,50,NA,8,NA,NA,NA,2,NA,NA,"","SAK23",-80.18409608,25.49109344
"284","SAK24","Biscayne","Sand Key","SAK",24,NA,70,55,NA,10,NA,NA,NA,5,NA,NA,"","SAK24",-80.18416027,25.49103684
"285","SAK25","Biscayne","Sand Key","SAK",25,NA,75,70,NA,5,NA,NA,NA,NA,NA,NA,"","SAK25",-80.18416815,25.49117951
"286","SAK26","Biscayne","Sand Key","SAK",26,NA,67,65,NA,2,NA,NA,NA,NA,NA,NA,"","SAK26",-80.18421811,25.49110834
"287","SAK27","Biscayne","Sand Key","SAK",27,NA,42,30,NA,10,2,NA,NA,NA,NA,NA,"","SAK27",-80.18420007,25.4912156
"288","SAK28","Biscayne","Sand Key","SAK",28,NA,65,60,NA,5,NA,NA,NA,NA,NA,NA,"","SAK28",-80.18424231,25.49114029
"289","SAK29","Biscayne","Sand Key","SAK",29,NA,6,5,NA,NA,1,NA,NA,NA,NA,NA,"","SAK29",-80.18422211,25.49088579
"290","SAK3","Biscayne","Sand Key","SAK",3,NA,38,20,NA,15,3,NA,NA,NA,NA,NA,"","SAK3",-80.1843681,25.49100818
"291","SAK30","Biscayne","Sand Key","SAK",30,NA,49,40,NA,7,2,NA,NA,NA,NA,NA,"","SAK30",-80.18425177,25.49110044
"292","SAK4","Biscayne","Sand Key","SAK",4,NA,66,55,NA,10,1,NA,NA,NA,NA,NA,"","SAK4",-80.18442957,25.49098812
"293","SAK5","Biscayne","Sand Key","SAK",5,NA,70,60,NA,10,NA,NA,NA,NA,NA,NA,"","SAK5",-80.18439173,25.49091602
"294","SAK6","Biscayne","Sand Key","SAK",6,NA,35,20,NA,15,NA,NA,NA,NA,NA,NA,"","SAK6",-80.18441771,25.49096018
"295","SAK7","Biscayne","Sand Key","SAK",7,NA,16,8,5,NA,3,NA,NA,NA,NA,NA,"","SAK7",-80.18433736,25.49087185
"296","SAK8","Biscayne","Sand Key","SAK",8,NA,35,20,NA,5,10,NA,NA,NA,NA,NA,"","SAK8",-80.18439893,25.49089575
"297","SAK9","Biscayne","Sand Key","SAK",9,NA,27,20,NA,5,2,NA,NA,NA,NA,NA,"","SAK9",-80.18426921,25.49084397
"298","SAW1","Lower Keys","Sawyer Key","SAW",1,NA,41,40,NA,NA,NA,1,NA,NA,NA,NA,"","saw1",-81.56826911,24.74552014
"299","SAW10","Lower Keys","Sawyer Key","SAW",10,NA,20,10,NA,NA,NA,10,NA,NA,NA,NA,"","saw10",-81.56779518,24.74602854
"300","SAW11","Lower Keys","Sawyer Key","SAW",11,NA,40,40,NA,NA,NA,NA,NA,NA,NA,NA,"","saw11",-81.5677905,24.74608796
"301","SAW12","Lower Keys","Sawyer Key","SAW",12,NA,30,30,NA,NA,NA,NA,NA,NA,NA,NA,"","saw12",-81.56776957,24.74616265
"302","SAW13","Lower Keys","Sawyer Key","SAW",13,NA,60,NA,NA,NA,NA,60,NA,NA,NA,NA,"","saw13",-81.56776247,24.74613921
"303","SAW14","Lower Keys","Sawyer Key","SAW",14,NA,51,45,NA,NA,NA,1,NA,5,NA,NA,"","saw14",-81.56766777,24.74609385
"304","SAW15","Lower Keys","Sawyer Key","SAW",15,NA,35,20,NA,NA,5,5,NA,5,NA,NA,"","saw15",-81.56761034,24.74611481
"305","SAW16","Lower Keys","Sawyer Key","SAW",16,NA,30,20,NA,NA,NA,NA,NA,10,NA,NA,"","saw16",-81.56756712,24.74605721
"306","SAW17","Lower Keys","Sawyer Key","SAW",17,NA,30,25,NA,NA,NA,NA,NA,5,NA,NA,"","saw17",-81.56754899,24.74600386
"307","SAW18","Lower Keys","Sawyer Key","SAW",18,NA,35,25,NA,NA,NA,NA,NA,10,NA,NA,"","saw18",-81.56751779,24.74594277
"308","SAW19","Lower Keys","Sawyer Key","SAW",19,NA,40,30,NA,NA,NA,NA,NA,10,NA,NA,"","saw19",-81.56748107,24.74589745
"309","SAW2","Lower Keys","Sawyer Key","SAW",2,NA,50,30,NA,NA,NA,20,NA,NA,NA,NA,"","saw2",-81.5682478,24.74557957
"310","SAW20","Lower Keys","Sawyer Key","SAW",20,NA,100,100,NA,NA,NA,NA,NA,NA,NA,NA,"","saw20",-81.56741492,24.74599588
"311","SAW21","Lower Keys","Sawyer Key","SAW",21,NA,100,NA,NA,NA,NA,100,NA,NA,NA,NA,"","saw21",-81.56741452,24.74601017
"312","SAW22","Lower Keys","Sawyer Key","SAW",22,NA,40,35,NA,NA,NA,NA,5,NA,NA,NA,"","saw22",-81.56738515,24.74606904
"313","SAW23","Lower Keys","Sawyer Key","SAW",23,NA,6,5,NA,NA,NA,NA,1,NA,NA,NA,"","saw23",-81.56738567,24.74613035
"314","SAW24","Lower Keys","Sawyer Key","SAW",24,NA,16,15,NA,NA,NA,NA,1,NA,NA,NA,"","saw24",-81.5674682,24.74615818
"315","SAW25","Lower Keys","Sawyer Key","SAW",25,NA,40,35,NA,NA,NA,NA,5,NA,NA,NA,"","saw25",-81.56755793,24.74616239
"316","SAW26","Lower Keys","Sawyer Key","SAW",26,NA,30,25,NA,NA,NA,NA,5,NA,NA,NA,"","saw26",-81.56765868,24.74615622
"317","SAW27","Lower Keys","Sawyer Key","SAW",27,NA,100,NA,NA,NA,NA,100,NA,NA,NA,NA,"","saw27",-81.56775672,24.7461597
"318","SAW28","Lower Keys","Sawyer Key","SAW",28,NA,30,25,NA,NA,NA,NA,5,NA,NA,NA,"","saw28",-81.56788137,24.74614288
"319","SAW29","Lower Keys","Sawyer Key","SAW",29,NA,25,25,NA,NA,NA,NA,NA,NA,NA,NA,"","saw29",-81.56793296,24.74606871
"320","SAW3","Lower Keys","Sawyer Key","SAW",3,NA,60,25,NA,NA,NA,30,NA,5,NA,NA,"","saw3",-81.56818762,24.74562563
"321","SAW30","Lower Keys","Sawyer Key","SAW",30,NA,40,20,NA,NA,NA,NA,20,NA,NA,NA,"","saw30",-81.56802987,24.7459668
"322","SAW4","Lower Keys","Sawyer Key","SAW",4,NA,90,NA,NA,NA,NA,90,NA,NA,NA,NA,"","saw4",-81.56813746,24.74566854
"323","SAW5","Lower Keys","Sawyer Key","SAW",5,NA,30,30,NA,NA,NA,NA,NA,NA,NA,NA,"","saw5",-81.56808764,24.74573006
"324","SAW6","Lower Keys","Sawyer Key","SAW",6,NA,70,5,NA,NA,15,NA,NA,50,NA,NA,"","saw6",-81.56802183,24.74580133
"325","SAW7","Lower Keys","Sawyer Key","SAW",7,NA,20,15,NA,NA,NA,5,NA,NA,NA,NA,"","saw7",-81.56796287,24.74586559
"326","SAW8","Lower Keys","Sawyer Key","SAW",8,NA,80,5,NA,NA,50,NA,NA,25,NA,NA,"","saw8",-81.56787277,24.74590563
"327","SAW9","Lower Keys","Sawyer Key","SAW",9,NA,45,15,NA,NA,NA,15,NA,15,NA,NA,"","saw9",-81.56781519,24.74594683
"328","SHK1","Upper Keys","Shell Key","SHK",1,NA,30,5,NA,NA,20,5,NA,NA,NA,NA,"","shk1",-80.66738945,24.91287797
"329","SHK10","Upper Keys","Shell Key","SHK",10,NA,11,8,NA,NA,NA,NA,NA,3,NA,NA,"","shk10",-80.66801726,24.91309119
"330","SHK11","Upper Keys","Shell Key","SHK",11,NA,48,NA,45,NA,NA,NA,NA,3,NA,NA,"","shk11",-80.66810775,24.91326907
"331","SHK12","Upper Keys","Shell Key","SHK",12,NA,22,12,NA,NA,3,3,NA,4,NA,NA,"","shk12",-80.66831278,24.91335097
"332","SHK13","Upper Keys","Shell Key","SHK",13,NA,31,NA,25,NA,NA,NA,NA,6,NA,NA,"","shk13",-80.66814097,24.91353634
"333","SHK14","Upper Keys","Shell Key","SHK",14,NA,67,10,NA,NA,55,NA,NA,2,NA,NA,"","shk14",-80.66807688,24.91359848
"334","SHK15","Upper Keys","Shell Key","SHK",15,NA,93,8,NA,NA,85,NA,NA,NA,NA,NA,"","shk15",-80.66797444,24.91365769
"335","SHK16","Upper Keys","Shell Key","SHK",16,NA,12,2,1,NA,NA,1,NA,8,NA,NA,"","shk16",-80.66785608,24.91373942
"336","SHK17","Upper Keys","Shell Key","SHK",17,NA,58,15,NA,NA,40,3,NA,NA,NA,NA,"","shk17",-80.66777912,24.91380107
"337","SHK18","Upper Keys","Shell Key","SHK",18,NA,55,25,NA,NA,30,NA,NA,NA,NA,NA,"","shk18",-80.66765072,24.91388606
"338","SHK19","Upper Keys","Shell Key","SHK",19,NA,32,4,2,NA,12,4,NA,10,NA,NA,"","shk19",-80.66750998,24.91389763
"339","SHK2","Upper Keys","Shell Key","SHK",2,NA,14,2,NA,NA,5,4,NA,3,NA,NA,"","shk2",-80.6673239,24.91280521
"340","SHK20","Upper Keys","Shell Key","SHK",20,NA,10,4,6,NA,NA,NA,NA,NA,NA,NA,"","shk20",-80.66737468,24.91387702
"341","SHK21","Upper Keys","Shell Key","SHK",21,NA,15,8,5,NA,NA,NA,NA,2,NA,NA,"","shk21",-80.66725107,24.91383073
"342","SHK22","Upper Keys","Shell Key","SHK",22,NA,100,2,NA,NA,98,NA,NA,NA,NA,NA,"","shk22",-80.66708779,24.9138197
"343","SHK23","Upper Keys","Shell Key","SHK",23,NA,35,NA,NA,NA,30,3,NA,2,NA,NA,"","shk23",-80.66708705,24.91381802
"344","SHK24","Upper Keys","Shell Key","SHK",24,NA,21,NA,3,NA,4,4,NA,10,NA,NA,"","shk24",-80.66706804,24.91370533
"345","SHK25","Upper Keys","Shell Key","SHK",25,NA,92,NA,NA,NA,90,2,NA,NA,NA,NA,"","shk25",-80.66708731,24.91357509
"346","SHK26","Upper Keys","Shell Key","SHK",26,NA,90,45,NA,NA,NA,45,NA,NA,NA,NA,"","shk26",-80.66698323,24.91350943
"347","SHK27","Upper Keys","Shell Key","SHK",27,NA,100,NA,NA,NA,100,NA,NA,NA,NA,NA,"","shk27",-80.66697991,24.91322147
"348","SHK28","Upper Keys","Shell Key","SHK",28,NA,14,NA,1,NA,8,3,NA,2,NA,NA,"","shk28",-80.66700788,24.91311295
"349","SHK29","Upper Keys","Shell Key","SHK",29,NA,27,12,NA,NA,15,NA,NA,NA,NA,NA,"","shk29",-80.66710374,24.91300659
"350","SHK3","Upper Keys","Shell Key","SHK",3,NA,24,5,NA,NA,10,5,NA,4,NA,NA,"","shk3",-80.66728791,24.91267286
"351","SHK30","Upper Keys","Shell Key","SHK",30,NA,100,15,NA,NA,85,NA,NA,NA,NA,NA,"","shk30",-80.66727452,24.91289445
"352","SHK4","Upper Keys","Shell Key","SHK",4,NA,2,NA,NA,NA,NA,NA,NA,2,NA,NA,"","shk4",-80.66724099,24.91254066
"353","SHK5","Upper Keys","Shell Key","SHK",5,NA,73,NA,NA,NA,65,8,NA,NA,NA,NA,"","shk5",-80.66727032,24.91243414
"354","SHK6","Upper Keys","Shell Key","SHK",6,NA,3,NA,NA,NA,NA,NA,NA,3,NA,NA,"","shk6",-80.66758505,24.91251987
"355","SHK7","Upper Keys","Shell Key","SHK",7,24,49,40,NA,NA,3,NA,NA,6,NA,NA,"","shk7",-80.66768944,24.91261494
"356","SHK8","Upper Keys","Shell Key","SHK",8,20,97,12,NA,NA,85,NA,NA,NA,NA,NA,"","shk8",-80.66781269,24.91285946
"357","SHK9","Upper Keys","Shell Key","SHK",9,NA,68,55,NA,NA,10,NA,NA,3,NA,NA,"","shk9",-80.66791662,24.9129456
"358","SOK1","Biscayne","Soldier Key","SOK",1,NA,0,NA,NA,NA,NA,NA,NA,NA,NA,NA,"","SOK1",-80.16216198,25.59014532
"359","SOK10","Biscayne","Soldier Key","SOK",10,NA,37,15,5,15,2,NA,NA,NA,NA,NA,"","SOK10",-80.16198847,25.58988965
"360","SOK11","Biscayne","Soldier Key","SOK",11,NA,52,40,5,5,1,1,NA,NA,NA,NA,"","SOK11",-80.16192461,25.58992875
"361","SOK12","Biscayne","Soldier Key","SOK",12,NA,71,2,15,50,2,2,NA,NA,NA,NA,"","SOK12",-80.16193656,25.58986269
"362","SOK13","Biscayne","Soldier Key","SOK",13,NA,55,50,NA,5,NA,NA,NA,NA,NA,NA,"","SOK13",-80.16202233,25.58988145
"363","SOK14","Biscayne","Soldier Key","SOK",14,NA,55,50,NA,NA,2,3,NA,NA,NA,NA,"","SOK14",-80.16207681,25.5898606
"364","SOK15","Biscayne","Soldier Key","SOK",15,NA,52,50,NA,NA,2,NA,NA,NA,NA,NA,"","SOK15",-80.16210377,25.58987511
"365","SOK16","Biscayne","Soldier Key","SOK",16,NA,48,45,NA,2,1,NA,NA,NA,NA,NA,"","SOK16",-80.16212492,25.58987755
"366","SOK17","Biscayne","Soldier Key","SOK",17,NA,43,40,NA,1,NA,2,NA,NA,NA,NA,"","SOK17",-80.16214207,25.58987305
"367","SOK18","Biscayne","Soldier Key","SOK",18,NA,53,40,NA,5,5,3,NA,NA,NA,NA,"","SOK18",-80.16214575,25.58987971
"368","SOK19","Biscayne","Soldier Key","SOK",19,NA,43,30,NA,10,2,1,NA,NA,NA,NA,"","SOK19",-80.16215321,25.58989953
"369","SOK2","Biscayne","Soldier Key","SOK",2,NA,0,NA,NA,NA,NA,NA,NA,NA,NA,NA,"","SOK2",-80.16214505,25.59014713
"370","SOK20","Biscayne","Soldier Key","SOK",20,NA,85,80,NA,NA,5,NA,NA,NA,NA,NA,"","SOK20",-80.16229134,25.59017508
"371","SOK21","Biscayne","Soldier Key","SOK",21,NA,85,80,NA,NA,5,NA,NA,NA,NA,NA,"","SOK21",-80.16229364,25.59022275
"372","SOK22","Biscayne","Soldier Key","SOK",22,NA,80,55,NA,NA,10,15,NA,NA,NA,NA,"","SOK22",-80.16226245,25.59033558
"373","SOK23","Biscayne","Soldier Key","SOK",23,NA,75,65,NA,NA,5,5,NA,NA,NA,NA,"","SOK23",-80.16220238,25.59037561
"374","SOK24","Biscayne","Soldier Key","SOK",24,NA,43,NA,3,NA,15,25,NA,NA,NA,NA,"","SOK24",-80.1621289,25.59039291
"375","SOK25","Biscayne","Soldier Key","SOK",25,NA,70,30,NA,NA,20,20,NA,NA,NA,NA,"","SOK25",-80.16207301,25.59034403
"376","SOK26","Biscayne","Soldier Key","SOK",26,NA,45,20,NA,NA,10,15,NA,NA,NA,NA,"","SOK26",-80.16205553,25.59027814
"377","SOK27","Biscayne","Soldier Key","SOK",27,NA,50,20,NA,15,NA,15,NA,NA,NA,NA,"","SOK27",-80.16199904,25.59019892
"378","SOK28","Biscayne","Soldier Key","SOK",28,NA,32,30,1,NA,NA,NA,NA,1,NA,NA,"","SOK28",-80.16205639,25.59015588
"379","SOK3","Biscayne","Soldier Key","SOK",3,NA,11,NA,10,NA,1,NA,NA,NA,NA,NA,"","SOK3",-80.16217184,25.59015575
"380","SOK30","Biscayne","Soldier Key","SOK",30,NA,43,5,NA,NA,8,30,NA,NA,NA,NA,"","SOK30",-80.16209873,25.59027044
"381","SOK4","Biscayne","Soldier Key","SOK",4,NA,20,5,15,NA,NA,NA,NA,NA,NA,NA,"","SOK4",-80.16215918,25.59012441
"382","SOK5","Biscayne","Soldier Key","SOK",5,NA,60,50,NA,NA,10,NA,NA,NA,NA,NA,"","SOK5",-80.16220192,25.59012637
"383","SOK6","Biscayne","Soldier Key","SOK",6,NA,61,50,NA,10,1,NA,NA,NA,NA,NA,"","SOK6",-80.16215177,25.59004244
"384","SOK7","Biscayne","Soldier Key","SOK",7,NA,47,40,NA,5,1,1,NA,NA,NA,NA,"","SOK7",-80.16204832,25.59005532
"385","SOK8","Biscayne","Soldier Key","SOK",8,NA,50,5,NA,40,5,NA,NA,NA,NA,NA,"","SOK8",-80.16203959,25.58999774
"386","SOK9","Biscayne","Soldier Key","SOK",9,NA,53,40,NA,3,NA,10,NA,NA,NA,NA,"","SOK9",-80.16197106,25.58997314
